Title,Author,Type,Notes
The Trial,Franz Kafka,Confirmed favorite,"bureaucracy, guilt"
The Metamorphosis,Franz Kafka,Confirmed favorite,alienation
The Stranger,Albert Camus,Confirmed favorite,absurdism
The Plague,Albert Camus,Confirmed favorite,ethics under crisis
Notes from Underground,Fyodor Dostoevsky,Confirmed favorite,interiority
The Brothers Karamazov,Fyodor Dostoevsky,Confirmed favorite,"faith, morality"
The Great Gatsby,F. Scott Fitzgerald,Confirmed favorite,"desire, myth"
Dune,Frank Herbert,Recommended,"power, ecology, prophecy"
1984,George Orwell,Recommended,state power
Brave New World,Aldous Huxley,Recommended,pleasure control
Animal Farm,George Orwell,Recommended,allegory of power
We,Yevgeny Zamyatin,Recommended,proto dystopia
Fahrenheit 451,Ray Bradbury,Recommended,"media, censorship"
The Handmaid’s Tale,Margaret Atwood,Recommended,biopolitics
Blindness,José Saramago,Recommended,social unraveling
The Road,Cormac McCarthy,Recommended,"bond, survival"
No Country for Old Men,Cormac McCarthy,Recommended,"fate, violence"
The Crying of Lot 49,Thomas Pynchon,Recommended,"conspiracy, signals"
White Noise,Don DeLillo,Recommended,media haze
Underworld,Don DeLillo,Recommended,American systems
Infinite Jest,David Foster Wallace,Recommended,"entertainment, addiction"
Slaughterhouse Five,Kurt Vonnegut,Recommended,"war, time"
Catch 22,Joseph Heller,Recommended,bureaucratic absurdity
One Hundred Years of Solitude,Gabriel García Márquez,Recommended,"myth, time"
The Master and Margarita,Mikhail Bulgakov,Recommended,"satire, metaphysical"
The Unbearable Lightness of Being,Milan Kundera,Recommended,"love, history"
The Castle,Franz Kafka,Recommended,opaque authority
Crime and Punishment,Fyodor Dostoevsky,Recommended,"guilt, redemption"
Demons,Fyodor Dostoevsky,Recommended,"ideology, chaos"
The Idiot,Fyodor Dostoevsky,Recommended,innocence vs world
Lolita,Vladimir Nabokov,Recommended,"style, unreliable"
Pale Fire,Vladimir Nabokov,Recommended,meta authorship
The Wind Up Bird Chronicle,Haruki Murakami,Recommended,surreal search
Kafka on the Shore,Haruki Murakami,Recommended,"fate, dream"
Norwegian Wood,Haruki Murakami,Recommended,"memory, youth"
Do Androids Dream of Electric Sheep,Philip K. Dick,Recommended,identity
Ubik,Philip K. Dick,Recommended,reality slippage
A Scanner Darkly,Philip K. Dick,Recommended,"surveillance, self"
Neuromancer,William Gibson,Recommended,"cyberspace, noir"
Snow Crash,Neal Stephenson,Recommended,"metaverse, satire"
Cryptonomicon,Neal Stephenson,Recommended,"code, history"
The Left Hand of Darkness,Ursula K. Le Guin,Recommended,"gender, contact"
The Dispossessed,Ursula K. Le Guin,Recommended,"utopia, politics"
The Three Body Problem,Liu Cixin,Recommended,"contact, scale"
Solaris,Stanislaw Lem,Recommended,unknowable other
Roadside Picnic,Arkady and Boris Strugatsky,Recommended,"zones, desire"
Hyperion,Dan Simmons,Recommended,"epic, structure"
Foundation,Isaac Asimov,Recommended,psychohistory
Labyrinths,Jorge Luis Borges,Recommended,infinite texts
Ficciones,Jorge Luis Borges,Recommended,ideas as plots
The Sellout,Paul Beatty,Recommended,"satire, race"
American Psycho,Bret Easton Ellis,Recommended,consumerism
Less Than Zero,Bret Easton Ellis,Recommended,disaffection
Fight Club,Chuck Palahniuk,Recommended,"identity, revolt"
Never Let Me Go,Kazuo Ishiguro,Recommended,"ethics, clones"
The Remains of the Day,Kazuo Ishiguro,Recommended,"duty, repression"
Disgrace,J. M. Coetzee,Recommended,"fall, responsibility"
Waiting for the Barbarians,J. M. Coetzee,Recommended,"empire, conscience"
The Sense of an Ending,Julian Barnes,Recommended,"memory, regret"
Atonement,Ian McEwan,Recommended,"guilt, narrative"
The Name of the Rose,Umberto Eco,Recommended,"text, power"
Foucault’s Pendulum,Umberto Eco,Recommended,"paranoia, systems"
2666,Roberto Bolaño,Recommended,"violence, academy"
The Savage Detectives,Roberto Bolaño,Recommended,"youth, poetry"
American Tabloid,James Ellroy,Recommended,political noir
L A Confidential,James Ellroy,Recommended,corruption
The Big Sleep,Raymond Chandler,Recommended,hard boiled
The Long Goodbye,Raymond Chandler,Recommended,"friendship, betrayal"
The Sun Also Rises,Ernest Hemingway,Recommended,dislocation
For Whom the Bell Tolls,Ernest Hemingway,Recommended,"war, choice"
Nausea,Jean Paul Sartre,Recommended,existential nausea
Steppenwolf,Hermann Hesse,Recommended,duality
Demian,Hermann Hesse,Recommended,formation
Siddhartha,Hermann Hesse,Recommended,seeking
The White Tiger,Aravind Adiga,Recommended,"class, ambition"
A Fine Balance,Rohinton Mistry,Recommended,system vs individual
The Godfather,Mario Puzo,Recommended,"power, family"
Jesus’ Son,Denis Johnson,Recommended,"edge, grace"
If on a winter’s night a traveler,Italo Calvino,Recommended,meta reading
Invisible Cities,Italo Calvino,Recommended,"memory, place"
American War,Omar El Akkad,Recommended,future conflict
The Circle,Dave Eggers,Recommended,platform control
Pattern Recognition,William Gibson,Recommended,"brands, signals"
The Mezzanine,Nicholson Baker,Recommended,micro attention
The God of Small Things,Arundhati Roy,Recommended,"memory, caste"
On Earth We Are Briefly Gorgeous,Ocean Vuong,Recommended,"form, tenderness"
Neverwhere,Neil Gaiman,Recommended,underworld
The City and the City,China Miéville,Recommended,perception as law
Annihilation,Jeff VanderMeer,Recommended,"unknown, self"
The Leftovers,Tom Perrotta,Recommended,"grief, mystery"
The Man in the High Castle,Philip K. Dick,Recommended,alt history
The Orphan Master's Son,Adam Johnson,Recommended,"state, identity"
The Corrections,Jonathan Franzen,Recommended,"family, America"
The Hunger Games,Suzanne Collins,Recommended,"spectacle, control"
Cloud Atlas,David Mitchell,Recommended,interconnected
The Bone Clocks,David Mitchell,Recommended,ambition
The White Guard,Mikhail Bulgakov,Recommended,"war, family"
The Double,José Saramago,Recommended,identity
American Gods,Neil Gaiman,Recommended,"myth, America"
A Confederacy of Dunces,John Kennedy Toole,Recommended,comic genius
